{ "time":"2025-12-05T02:24:57+0000", "ip":"172.18.0.1", "method":"GET", "path":"/", "status":301, "bytes":226, "referer":"-", "agent":"Mozilla/5.0 (X11; Ubuntu; Linux x86_64; rv:109.0) Gecko/20100101 Firefox/116.0" }
{ "time":"2025-12-05T02:26:25+0000", "ip":"192.168.1.69", "method":"GET", "path":"/", "status":301, "bytes":226, "referer":"-", "agent":"Mozilla/5.0 (Windows NT 10.0; Win64; x64) AppleWebKit/537.36 (KHTML, like Gecko) Chrome/142.0.0.0 Safari/537.36" }
{ "time":"2025-12-05T02:27:17+0000", "ip":"192.168.1.69", "method":"-", "path":"-", "status":408, "bytes":0, "referer":"-", "agent":"-" }
{ "time":"2025-12-05T02:43:22+0000", "ip":"172.18.0.1", "method":"GET", "path":"/", "status":301, "bytes":231, "referer":"-", "agent":"Mozilla/5.0 (X11; Ubuntu; Linux x86_64; rv:109.0) Gecko/20100101 Firefox/116.0" }
{ "time":"2025-12-05T02:50:06+0000", "ip":"172.18.0.1", "method":"HEAD", "path":"/", "status":301, "bytes":0, "referer":"-", "agent":"curl/7.81.0" }
{ "time":"2025-12-05T02:51:36+0000", "ip":"172.18.0.1", "method":"HEAD", "path":"/", "status":301, "bytes":0, "referer":"-", "agent":"curl/7.81.0" }
{ "time":"2025-12-05T02:52:53+0000", "ip":"172.18.0.1", "method":"GET", "path":"/", "status":301, "bytes":226, "referer":"-", "agent":"Mozilla/5.0 (X11; Ubuntu; Linux x86_64; rv:109.0) Gecko/20100101 Firefox/116.0" }
