{ "time":"2025-12-05T02:25:04+0000", "ip":"172.18.0.1", "method":"GET", "path":"/index.php", "status":200, "bytes":479, "referer":"-", "agent":"Mozilla/5.0 (X11; Ubuntu; Linux x86_64; rv:109.0) Gecko/20100101 Firefox/116.0" }
{ "time":"2025-12-05T02:25:04+0000", "ip":"172.18.0.1", "method":"GET", "path":"/favicon.ico", "status":404, "bytes":196, "referer":"https://api.local/", "agent":"Mozilla/5.0 (X11; Ubuntu; Linux x86_64; rv:109.0) Gecko/20100101 Firefox/116.0" }
{ "time":"2025-12-05T02:25:24+0000", "ip":"172.18.0.1", "method":"GET", "path":"/index.php", "status":304, "bytes":0, "referer":"-", "agent":"Mozilla/5.0 (X11; Ubuntu; Linux x86_64; rv:109.0) Gecko/20100101 Firefox/116.0" }
{ "time":"2025-12-05T02:25:25+0000", "ip":"172.18.0.1", "method":"GET", "path":"/index.php", "status":304, "bytes":0, "referer":"-", "agent":"Mozilla/5.0 (X11; Ubuntu; Linux x86_64; rv:109.0) Gecko/20100101 Firefox/116.0" }
{ "time":"2025-12-05T02:34:59+0000", "ip":"172.18.0.1", "method":"GET", "path":"/index.php", "status":304, "bytes":0, "referer":"-", "agent":"Mozilla/5.0 (X11; Ubuntu; Linux x86_64; rv:109.0) Gecko/20100101 Firefox/116.0" }
{ "time":"2025-12-05T02:52:08+0000", "ip":"172.18.0.1", "method":"GET", "path":"/index.php", "status":200, "bytes":479, "referer":"-", "agent":"curl/7.81.0" }
{ "time":"2025-12-05T02:52:53+0000", "ip":"172.18.0.1", "method":"GET", "path":"/index.php", "status":304, "bytes":0, "referer":"-", "agent":"Mozilla/5.0 (X11; Ubuntu; Linux x86_64; rv:109.0) Gecko/20100101 Firefox/116.0" }
{ "time":"2025-12-05T02:52:57+0000", "ip":"172.18.0.1", "method":"GET", "path":"/index.php", "status":304, "bytes":0, "referer":"-", "agent":"Mozilla/5.0 (X11; Ubuntu; Linux x86_64; rv:109.0) Gecko/20100101 Firefox/116.0" }
{ "time":"2025-12-05T02:55:06+0000", "ip":"172.18.0.1", "method":"GET", "path":"/index.php", "status":200, "bytes":479, "referer":"-", "agent":"Mozilla/5.0 (X11; Ubuntu; Linux x86_64; rv:109.0) Gecko/20100101 Firefox/116.0" }
