{ "time":"2025-12-05T02:25:15+0000", "ip":"172.18.0.1", "method":"GET", "path":"/index.php", "status":200, "bytes":1741, "referer":"-", "agent":"Mozilla/5.0 (X11; Ubuntu; Linux x86_64; rv:109.0) Gecko/20100101 Firefox/116.0" }
{ "time":"2025-12-05T02:25:15+0000", "ip":"172.18.0.1", "method":"GET", "path":"/favicon.ico", "status":404, "bytes":196, "referer":"https://frontend.local/", "agent":"Mozilla/5.0 (X11; Ubuntu; Linux x86_64; rv:109.0) Gecko/20100101 Firefox/116.0" }
{ "time":"2025-12-05T02:25:22+0000", "ip":"172.18.0.1", "method":"GET", "path":"/index.php", "status":304, "bytes":0, "referer":"-", "agent":"Mozilla/5.0 (X11; Ubuntu; Linux x86_64; rv:109.0) Gecko/20100101 Firefox/116.0" }
{ "time":"2025-12-05T02:25:23+0000", "ip":"172.18.0.1", "method":"GET", "path":"/index.php", "status":304, "bytes":0, "referer":"-", "agent":"Mozilla/5.0 (X11; Ubuntu; Linux x86_64; rv:109.0) Gecko/20100101 Firefox/116.0" }
{ "time":"2025-12-05T02:25:27+0000", "ip":"172.18.0.1", "method":"GET", "path":"/index.php", "status":304, "bytes":0, "referer":"-", "agent":"Mozilla/5.0 (X11; Ubuntu; Linux x86_64; rv:109.0) Gecko/20100101 Firefox/116.0" }
{ "time":"2025-12-05T02:25:27+0000", "ip":"172.18.0.1", "method":"GET", "path":"/index.php", "status":304, "bytes":0, "referer":"-", "agent":"Mozilla/5.0 (X11; Ubuntu; Linux x86_64; rv:109.0) Gecko/20100101 Firefox/116.0" }
{ "time":"2025-12-05T02:35:00+0000", "ip":"172.18.0.1", "method":"GET", "path":"/index.php", "status":304, "bytes":0, "referer":"-", "agent":"Mozilla/5.0 (X11; Ubuntu; Linux x86_64; rv:109.0) Gecko/20100101 Firefox/116.0" }
{ "time":"2025-12-05T02:46:28+0000", "ip":"172.18.0.1", "method":"GET", "path":"/index.php", "status":200, "bytes":1741, "referer":"-", "agent":"Mozilla/5.0 (X11; Ubuntu; Linux x86_64; rv:109.0) Gecko/20100101 Firefox/116.0" }
